,Age,Embarked,Fare,Parch,PassengerId,Pclass,Sex,SibSp,Survived,Title,NameLen
0,22.0,2,7.25,0,1,3,1,1,0.0,12,20
1,38.0,0,71.2833,0,2,1,0,1,1.0,13,47
2,26.0,2,7.925,0,3,3,0,0,1.0,9,17
3,35.0,2,53.1,0,4,1,0,1,1.0,13,40
4,35.0,2,8.05,0,5,3,1,0,0.0,12,21
5,29.84259578544061,1,8.4583,0,6,3,1,0,0.0,12,13
6,54.0,2,51.8625,0,7,1,1,0,0.0,12,20
7,2.0,2,21.075,1,8,3,1,3,0.0,8,23
8,27.0,2,11.1333,2,9,3,0,0,1.0,13,45
9,14.0,0,30.0708,0,10,2,0,1,1.0,13,31
10,4.0,2,16.7,1,11,3,0,1,1.0,9,26
11,58.0,2,26.55,0,12,1,0,0,1.0,9,19
12,20.0,2,8.05,0,13,3,1,0,0.0,12,27
13,39.0,2,31.275,5,14,3,1,1,0.0,12,24
14,14.0,2,7.8542,0,15,3,0,0,0.0,9,31
15,55.0,2,16.0,0,16,2,0,0,1.0,13,28
16,2.0,1,29.125,1,17,3,1,4,0.0,8,13
17,29.84259578544061,2,13.0,0,18,2,1,0,1.0,12,25
18,31.0,2,18.0,0,19,3,0,1,0.0,13,51
19,29.84259578544061,0,7.225,0,20,3,0,0,1.0,13,19
20,35.0,2,26.0,0,21,2,1,0,0.0,12,17
21,34.0,2,13.0,0,22,2,1,0,1.0,12,18
22,15.0,1,8.0292,0,23,3,0,0,1.0,9,22
23,28.0,2,35.5,0,24,1,1,0,1.0,12,25
24,8.0,2,21.075,1,25,3,0,3,0.0,9,24
25,38.0,2,31.3875,5,26,3,0,1,1.0,13,53
26,29.84259578544061,0,7.225,0,27,3,1,0,0.0,12,20
27,19.0,2,263.0,2,28,1,1,3,0.0,12,27
28,29.84259578544061,1,7.8792,0,29,3,0,0,1.0,9,24
29,29.84259578544061,2,7.8958,0,30,3,1,0,0.0,12,16
30,40.0,0,27.7208,0,31,1,1,0,0.0,2,20
31,29.84259578544061,0,146.5208,0,32,1,0,1,1.0,13,42
32,29.84259578544061,1,7.75,0,33,3,0,0,1.0,9,19
33,66.0,2,10.5,0,34,2,1,0,0.0,12,18
34,28.0,0,82.1708,0,35,1,1,1,0.0,12,20
35,42.0,2,52.0,0,36,1,1,1,0.0,12,27
36,29.84259578544061,0,7.2292,0,37,3,1,0,1.0,12,13
37,21.0,2,8.05,0,38,3,1,0,0.0,12,21
38,18.0,2,18.0,0,39,3,0,2,0.0,9,29
39,14.0,0,11.2417,0,40,3,0,1,1.0,9,22
40,40.0,2,9.475,0,41,3,0,1,0.0,13,42
41,27.0,2,21.0,0,42,2,0,1,0.0,13,52
42,29.84259578544061,0,7.8958,0,43,3,1,0,0.0,12,16
43,3.0,0,41.5792,2,44,2,0,1,1.0,9,35
44,19.0,1,7.8792,0,45,3,0,0,1.0,9,24
45,29.84259578544061,2,8.05,0,46,3,1,0,0.0,12,21
46,29.84259578544061,1,15.5,0,47,3,1,1,0.0,12,14
47,29.84259578544061,1,7.75,0,48,3,0,0,1.0,9,20
48,29.84259578544061,0,21.6792,0,49,3,1,2,0.0,12,16
49,18.0,2,17.8,0,50,3,0,1,0.0,13,41
50,7.0,2,39.6875,1,51,3,1,4,0.0,8,19
51,21.0,2,7.8,0,52,3,1,0,0.0,12,25
52,49.0,0,76.7292,0,53,1,0,1,1.0,13,36
53,29.0,2,26.0,0,54,2,0,1,1.0,13,46
54,65.0,0,61.9792,1,55,1,1,0,0.0,12,27
55,29.84259578544061,2,35.5,0,56,1,1,0,1.0,12,14
56,21.0,2,10.5,0,57,2,0,0,1.0,9,12
57,28.5,0,7.2292,0,58,3,1,0,0.0,12,16
58,5.0,2,27.75,2,59,2,0,1,1.0,9,23
59,11.0,2,46.9,2,60,3,1,5,0.0,8,27
60,22.0,0,7.2292,0,61,3,1,0,0.0,12,18
62,45.0,2,83.475,0,63,1,1,1,0.0,12,24
63,4.0,2,27.9,2,64,3,1,3,0.0,8,14
64,29.84259578544061,0,27.7208,0,65,1,1,0,0.0,12,18
65,29.84259578544061,0,15.2458,1,66,3,1,1,1.0,8,17
66,29.0,2,10.5,0,67,2,0,0,1.0,13,24
67,19.0,2,8.1583,0,68,3,1,0,0.0,12,21
68,17.0,2,7.925,2,69,3,0,4,1.0,9,26
69,26.0,2,8.6625,0,70,3,1,2,0.0,12,14
70,32.0,2,10.5,0,71,2,1,0,0.0,12,23
71,16.0,2,46.9,2,72,3,0,5,0.0,9,21
72,21.0,2,73.5,0,73,2,1,0,0.0,12,17
73,26.0,0,14.4542,0,74,3,1,1,0.0,12,24
74,32.0,2,56.4958,0,75,3,1,0,1.0,12,10
75,25.0,2,7.65,0,76,3,1,0,0.0,12,20
76,29.84259578544061,2,7.8958,0,77,3,1,0,0.0,12,14
77,29.84259578544061,2,8.05,0,78,3,1,0,0.0,12,21
78,0.83,2,29.0,2,79,2,1,0,1.0,8,22
79,30.0,2,12.475,0,80,3,0,0,1.0,9,19
80,22.0,2,9.0,0,81,3,1,0,0.0,12,17
81,29.0,2,9.5,0,82,3,1,0,1.0,12,24
82,29.84259578544061,1,7.7875,0,83,3,0,0,1.0,9,25
83,28.0,2,47.1,0,84,1,1,0,0.0,12,20
84,17.0,2,10.5,0,85,2,0,0,1.0,9,14
85,33.0,2,15.85,0,86,3,0,3,1.0,13,51
86,16.0,2,34.375,3,87,3,1,1,0.0,12,19
87,29.84259578544061,2,8.05,0,88,3,1,0,0.0,12,26
88,23.0,2,263.0,2,89,1,0,3,1.0,9,21
89,24.0,2,8.05,0,90,3,1,0,0.0,12,19
90,29.0,2,8.05,0,91,3,1,0,0.0,12,17
91,20.0,2,7.8542,0,92,3,1,0,0.0,12,23
92,46.0,2,61.175,0,93,1,1,1,0.0,12,24
93,26.0,2,20.575,2,94,3,1,1,0.0,12,20
94,59.0,2,7.25,0,95,3,1,0,0.0,12,14
95,29.84259578544061,2,8.05,0,96,3,1,0,0.0,12,24
96,71.0,0,34.6542,0,97,1,1,0,0.0,12,22
97,23.0,0,63.3583,1,98,1,1,0,1.0,12,28
98,34.0,2,23.0,1,99,2,0,0,1.0,13,32
99,34.0,2,26.0,0,100,2,1,1,0.0,12,14
100,28.0,2,7.8958,0,101,3,0,0,0.0,9,18
101,29.84259578544061,2,7.8958,0,102,3,1,0,0.0,12,29
102,21.0,2,77.2875,1,103,1,1,0,0.0,12,22
103,33.0,2,8.6542,0,104,3,1,0,0.0,12,23
104,37.0,2,7.925,0,105,3,1,2,0.0,12,27
105,28.0,2,7.8958,0,106,3,1,0,0.0,12,18
106,21.0,2,7.65,0,107,3,0,0,1.0,9,27
107,29.84259578544061,2,7.775,0,108,3,1,0,1.0,12,19
108,38.0,2,7.8958,0,109,3,1,0,0.0,12,12
109,29.84259578544061,1,24.15,0,110,3,0,1,1.0,9,14
110,47.0,2,52.0,0,111,1,1,0,0.0,12,27
111,14.5,0,14.4542,0,112,3,0,1,0.0,9,15
112,22.0,2,8.05,0,113,3,1,0,0.0,12,19
113,20.0,2,9.825,0,114,3,0,1,0.0,9,18
114,17.0,0,14.4583,0,115,3,0,0,0.0,9,16
115,21.0,2,7.925,0,116,3,1,0,0.0,12,18
116,70.5,1,7.75,0,117,3,1,0,0.0,12,17
117,29.0,2,21.0,0,118,2,1,1,0.0,12,28
118,24.0,0,247.5208,1,119,1,1,0,0.0,12,21
119,2.0,2,31.275,2,120,3,0,4,0.0,9,28
120,21.0,2,73.5,0,121,2,1,2,0.0,12,24
121,29.84259578544061,2,8.05,0,122,3,1,0,0.0,12,23
122,32.5,0,30.0708,0,123,2,1,1,0.0,12,17
123,32.5,2,13.0,0,124,2,0,0,1.0,9,14
124,54.0,2,77.2875,1,125,1,1,0,0.0,12,24
125,12.0,0,11.2417,0,126,3,1,1,1.0,8,21
126,29.84259578544061,1,7.75,0,127,3,1,0,0.0,12,16
127,24.0,2,7.1417,0,128,3,1,0,1.0,12,22
128,29.84259578544061,0,22.3583,1,129,3,0,1,1.0,9,12
129,45.0,2,6.975,0,130,3,1,0,0.0,12,15
130,33.0,0,7.8958,0,131,3,1,0,0.0,12,17
131,20.0,2,7.05,0,132,3,1,0,0.0,12,27
132,47.0,2,14.5,0,133,3,0,1,0.0,13,42
133,29.0,2,26.0,0,134,2,0,1,1.0,13,41
134,25.0,2,13.0,0,135,2,1,0,0.0,12,27
135,23.0,0,15.0458,0,136,2,1,0,0.0,12,15
136,19.0,2,26.2833,2,137,1,0,0,1.0,9,23
137,37.0,2,53.1,0,138,1,1,1,0.0,12,24
138,16.0,2,9.2167,0,139,3,1,0,0.0,12,16
139,24.0,0,79.2,0,140,1,1,0,0.0,12,15
140,29.84259578544061,0,15.2458,2,141,3,0,0,0.0,13,25
141,22.0,2,7.75,0,142,3,0,0,1.0,9,19
142,24.0,2,15.85,0,143,3,0,1,1.0,13,48
143,19.0,1,6.75,0,144,3,1,0,0.0,12,16
144,18.0,2,11.5,0,145,2,1,0,0.0,12,23
145,19.0,2,36.75,1,146,2,1,1,0.0,12,25
146,27.0,2,7.7958,0,147,3,1,0,1.0,12,41
147,9.0,2,34.375,2,148,3,0,2,0.0,9,27
148,36.5,2,26.0,2,149,2,1,0,0.0,12,37
149,42.0,2,13.0,0,150,2,1,0,0.0,15,29
150,51.0,2,12.525,0,151,2,1,0,0.0,15,22
151,22.0,2,66.6,0,152,1,0,1,1.0,13,29
152,55.5,2,8.05,0,153,3,1,0,0.0,12,13
153,40.5,2,14.5,2,154,3,1,0,0.0,12,28
154,29.84259578544061,2,7.3125,0,155,3,1,0,0.0,12,18
155,51.0,0,61.3792,1,156,1,1,0,0.0,12,24
156,16.0,1,7.7333,0,157,3,0,0,1.0,9,27
157,30.0,2,8.05,0,158,3,1,0,0.0,12,12
158,29.84259578544061,2,8.6625,0,159,3,1,0,0.0,12,16
159,29.84259578544061,2,69.55,2,160,3,1,8,0.0,8,19
160,44.0,2,16.1,1,161,3,1,0,0.0,12,21
161,40.0,2,15.75,0,162,2,0,0,1.0,13,46
162,26.0,2,7.775,0,163,3,1,0,0.0,12,23
163,17.0,2,8.6625,0,164,3,1,0,0.0,12,12
164,1.0,2,39.6875,1,165,3,1,4,0.0,8,21
165,9.0,2,20.525,2,166,3,1,0,1.0,8,40
166,29.84259578544061,2,55.0,1,167,1,0,0,1.0,13,34
167,45.0,2,27.9,4,168,3,0,1,0.0,13,43
168,29.84259578544061,2,25.925,0,169,1,1,0,0.0,12,16
169,28.0,2,56.4958,0,170,3,1,0,0.0,12,10
170,61.0,2,33.5,0,171,1,1,0,0.0,12,22
171,4.0,1,29.125,1,172,3,1,4,0.0,8,13
172,1.0,2,11.1333,1,173,3,0,1,1.0,9,23
173,21.0,2,7.925,0,174,3,1,0,0.0,12,22
174,56.0,0,30.6958,0,175,1,1,0,0.0,12,20
175,18.0,2,7.8542,1,176,3,1,1,0.0,12,19
176,29.84259578544061,2,25.4667,1,177,3,1,3,0.0,8,22
177,50.0,0,28.7125,0,178,1,0,0,0.0,9,21
178,30.0,2,13.0,0,179,2,1,0,0.0,12,15
179,36.0,2,0.0,0,180,3,1,0,0.0,12,16
180,29.84259578544061,2,69.55,2,181,3,0,8,0.0,9,23
181,29.84259578544061,0,15.05,0,182,2,1,0,0.0,12,13
182,9.0,2,31.3875,2,183,3,1,4,0.0,8,30
183,1.0,2,39.0,1,184,2,1,2,1.0,8,18
184,4.0,2,22.025,2,185,3,0,0,1.0,9,30
185,29.84259578544061,2,50.0,0,186,1,1,0,0.0,12,18
186,29.84259578544061,1,15.5,0,187,3,0,1,1.0,13,43
187,45.0,2,26.55,0,188,1,1,0,1.0,12,42
188,40.0,1,15.5,1,189,3,1,1,0.0,12,13
189,36.0,2,7.8958,0,190,3,1,0,0.0,12,16
190,32.0,2,13.0,0,191,2,0,0,1.0,13,15
191,19.0,2,13.0,0,192,2,1,0,0.0,12,18
192,19.0,2,7.8542,0,193,3,0,1,1.0,9,42
193,3.0,2,26.0,1,194,2,1,1,1.0,8,19
194,44.0,0,27.7208,0,195,1,0,0,1.0,13,37
195,58.0,0,146.5208,0,196,1,0,0,1.0,9,15
196,29.84259578544061,1,7.75,0,197,3,1,0,0.0,12,16
197,42.0,2,8.4042,1,198,3,1,0,0.0,12,29
198,29.84259578544061,1,7.75,0,199,3,0,0,1.0,9,27
199,24.0,2,13.0,0,200,2,0,0,0.0,9,33
200,28.0,2,9.5,0,201,3,1,0,0.0,12,27
201,29.84259578544061,2,69.55,2,202,3,1,8,0.0,12,16
202,34.0,2,6.4958,0,203,3,1,0,0.0,12,23
203,45.5,0,7.225,0,204,3,1,0,0.0,12,17
204,18.0,2,8.05,0,205,3,1,0,1.0,12,21
205,2.0,2,10.4625,1,206,3,0,0,0.0,9,21
206,32.0,2,15.85,0,207,3,1,1,0.0,12,23
207,26.0,0,18.7875,0,208,3,1,0,1.0,12,24
208,16.0,1,7.75,0,209,3,0,0,1.0,9,20
209,40.0,0,31.0,0,210,1,1,0,1.0,12,13
210,24.0,2,7.05,0,211,3,1,0,0.0,12,11
211,35.0,2,21.0,0,212,2,0,0,1.0,9,21
212,22.0,2,7.25,0,213,3,1,0,0.0,12,19
213,30.0,2,13.0,0,214,2,1,0,0.0,12,24
214,29.84259578544061,1,7.75,0,215,3,1,1,0.0,12,16
215,31.0,0,113.275,0,216,1,0,1,1.0,9,18
216,27.0,2,7.925,0,217,3,0,0,1.0,9,17
217,42.0,2,27.0,0,218,2,1,1,0.0,12,25
218,32.0,0,76.2917,0,219,1,0,0,1.0,9,16
219,30.0,2,10.5,0,220,2,1,0,0.0,12,15
220,16.0,2,8.05,0,221,3,1,0,1.0,12,27
221,27.0,2,13.0,0,222,2,1,0,0.0,12,17
222,51.0,2,8.05,0,223,3,1,0,0.0,12,20
223,29.84259578544061,2,7.8958,0,224,3,1,0,0.0,12,17
224,38.0,2,90.0,0,225,1,1,1,1.0,12,25
225,22.0,2,9.35,0,226,3,1,0,0.0,12,25
226,19.0,2,10.5,0,227,2,1,0,1.0,12,22
227,20.5,2,7.25,0,228,3,1,0,0.0,12,28
228,18.0,2,13.0,0,229,2,1,0,0.0,12,22
229,29.84259578544061,2,25.4667,1,230,3,0,3,0.0,9,18
230,35.0,2,83.475,0,231,1,0,1,1.0,13,40
231,29.0,2,7.775,0,232,3,1,0,0.0,12,21
232,59.0,2,13.5,0,233,2,1,0,0.0,12,22
233,5.0,2,31.3875,2,234,3,0,4,1.0,9,25
234,24.0,2,10.5,0,235,2,1,0,0.0,12,30
235,29.84259578544061,2,7.55,0,236,3,0,0,0.0,9,23
236,44.0,2,26.0,0,237,2,1,1,0.0,12,14
237,8.0,2,26.25,2,238,2,0,0,1.0,9,27
238,19.0,2,10.5,0,239,2,1,0,0.0,12,28
239,33.0,2,12.275,0,240,2,1,0,0.0,12,19
240,29.84259578544061,0,14.4542,0,241,3,0,1,0.0,9,16
241,29.84259578544061,1,15.5,0,242,3,0,1,1.0,9,25
242,29.0,2,10.5,0,243,2,1,0,0.0,12,28
243,22.0,2,7.125,0,244,3,1,0,0.0,12,26
244,30.0,0,7.225,0,245,3,1,0,0.0,12,17
245,44.0,1,90.0,0,246,1,1,2,0.0,4,24
246,25.0,2,7.775,0,247,3,0,0,0.0,9,32
247,24.0,2,14.5,2,248,2,0,0,1.0,13,27
248,37.0,2,52.5542,1,249,1,1,1,1.0,12,26
249,54.0,2,26.0,0,250,2,1,1,0.0,15,25
250,29.84259578544061,2,7.25,0,251,3,1,0,0.0,12,19
251,29.0,2,10.4625,1,252,3,0,1,0.0,13,38
252,62.0,2,26.55,0,253,1,1,0,0.0,12,22
253,30.0,2,16.1,0,254,3,1,1,0.0,12,21
254,41.0,2,20.2125,2,255,3,0,0,0.0,13,36
255,29.0,0,15.2458,2,256,3,0,0,1.0,13,35
256,29.84259578544061,0,79.2,0,257,1,0,0,1.0,13,26
257,30.0,2,86.5,0,258,1,0,0,1.0,9,15
258,35.0,0,512.3292,0,259,1,0,0,1.0,9,11
259,50.0,2,26.0,1,260,2,0,0,1.0,13,23
260,29.84259578544061,1,7.75,0,261,3,1,0,0.0,12,14
261,3.0,2,31.3875,2,262,3,1,4,1.0,8,26
262,52.0,2,79.65,1,263,1,1,1,0.0,12,14
263,40.0,2,0.0,0,264,1,1,0,0.0,12,18
264,29.84259578544061,1,7.75,0,265,3,0,0,0.0,9,13
265,36.0,2,10.5,0,266,2,1,0,0.0,12,14
266,16.0,2,39.6875,1,267,3,1,4,0.0,12,22
267,25.0,2,7.775,0,268,3,1,1,1.0,12,21
268,58.0,2,153.4625,1,269,1,0,0,1.0,13,41
269,35.0,2,135.6333,0,270,1,0,0,1.0,9,17
270,29.84259578544061,2,31.0,0,271,1,1,0,0.0,12,18
271,25.0,2,0.0,0,272,3,1,0,1.0,12,25
272,41.0,2,19.5,1,273,2,0,0,1.0,13,37
273,37.0,0,29.7,1,274,1,1,0,0.0,12,18
274,29.84259578544061,1,7.75,0,275,3,0,0,1.0,9,21
275,63.0,2,77.9583,0,276,1,0,1,1.0,9,28
276,45.0,2,7.75,0,277,3,0,0,0.0,9,28
277,29.84259578544061,2,0.0,0,278,2,1,0,0.0,12,24
278,7.0,1,29.125,1,279,3,1,4,0.0,8,11
279,35.0,2,20.25,1,280,3,0,1,1.0,13,28
280,65.0,1,7.75,0,281,3,1,0,0.0,12,13
281,28.0,2,7.8542,0,282,3,1,0,0.0,12,29
282,16.0,2,9.5,0,283,3,1,0,0.0,12,22
283,19.0,2,8.05,0,284,3,1,0,1.0,12,23
284,29.84259578544061,2,26.0,0,285,1,1,0,0.0,12,23
285,33.0,0,8.6625,0,286,3,1,0,0.0,12,16
286,30.0,2,9.5,0,287,3,1,0,1.0,12,20
287,22.0,2,7.8958,0,288,3,1,0,0.0,12,17
288,42.0,2,13.0,0,289,2,1,0,1.0,12,17
289,22.0,1,7.75,0,290,3,0,0,1.0,9,15
290,26.0,2,78.85,0,291,1,0,0,1.0,9,23
291,19.0,0,91.0792,0,292,1,0,1,1.0,13,35
292,36.0,0,12.875,0,293,2,1,0,0.0,12,19
293,24.0,2,8.85,0,294,3,0,0,0.0,9,14
294,24.0,2,7.8958,0,295,3,1,0,0.0,12,13
295,29.84259578544061,0,27.7208,0,296,1,1,0,0.0,12,14
296,23.5,0,7.2292,0,297,3,1,0,0.0,12,15
297,2.0,2,151.55,2,298,1,0,1,0.0,9,23
298,29.84259578544061,2,30.5,0,299,1,1,0,1.0,12,18
299,50.0,0,247.5208,1,300,1,0,0,1.0,13,43
300,29.84259578544061,1,7.75,0,301,3,0,0,1.0,9,35
301,29.84259578544061,1,23.25,0,302,3,1,2,1.0,12,15
302,19.0,2,0.0,0,303,3,1,0,0.0,12,28
303,29.84259578544061,1,12.35,0,304,2,0,0,1.0,9,14
304,29.84259578544061,2,8.05,0,305,3,1,0,0.0,12,30
305,0.92,2,151.55,2,306,1,1,1,1.0,8,23
306,29.84259578544061,0,110.8833,0,307,1,0,0,1.0,9,18
307,17.0,0,108.9,0,308,1,0,1,1.0,13,78
308,30.0,0,24.0,0,309,2,1,1,0.0,12,16
309,30.0,0,56.9292,0,310,1,0,0,1.0,9,25
310,24.0,0,83.1583,0,311,1,0,0,1.0,9,25
311,18.0,0,262.375,2,312,1,0,2,1.0,9,21
312,26.0,2,26.0,1,313,2,0,1,0.0,13,33
313,28.0,2,7.8958,0,314,3,1,0,0.0,12,19
314,43.0,2,26.25,1,315,2,1,1,0.0,12,15
315,26.0,2,7.8542,0,316,3,0,0,1.0,9,26
316,24.0,2,26.0,0,317,2,0,1,1.0,13,31
317,54.0,2,14.0,0,318,2,1,0,0.0,4,17
318,31.0,2,164.8667,2,319,1,0,0,1.0,9,19
319,40.0,0,134.5,1,320,1,0,1,1.0,13,52
320,22.0,2,7.25,0,321,3,1,0,0.0,12,15
321,27.0,2,7.8958,0,322,3,1,0,0.0,12,13
322,30.0,1,12.35,0,323,2,0,0,1.0,9,20
323,22.0,2,29.0,1,324,2,0,1,1.0,13,47
324,29.84259578544061,2,69.55,2,325,3,1,8,0.0,12,21
325,36.0,0,135.6333,0,326,1,0,0,1.0,9,19
326,61.0,2,6.2375,0,327,3,1,0,0.0,12,22
327,36.0,2,13.0,0,328,2,0,0,1.0,13,19
328,31.0,2,20.525,1,329,3,0,1,1.0,13,42
329,16.0,0,57.9792,1,330,1,0,0,1.0,9,23
330,29.84259578544061,1,23.25,0,331,3,0,2,1.0,9,13
331,45.5,2,28.5,0,332,1,1,0,0.0,12,16
332,38.0,2,153.4625,1,333,1,1,0,0.0,12,22
333,16.0,2,18.0,0,334,3,1,2,0.0,12,28
334,29.84259578544061,2,133.65,0,335,1,0,1,1.0,13,46
335,29.84259578544061,2,7.8958,0,336,3,1,0,0.0,12,15
336,29.0,2,66.6,0,337,1,1,1,0.0,12,22
337,41.0,0,134.5,0,338,1,0,0,1.0,9,26
338,45.0,2,8.05,0,339,3,1,0,1.0,12,18
339,45.0,2,35.5,0,340,1,1,0,0.0,12,25
340,2.0,2,26.0,1,341,2,1,1,1.0,8,23
341,24.0,2,263.0,2,342,1,0,3,1.0,9,25
342,28.0,2,13.0,0,343,2,1,0,0.0,12,23
343,25.0,2,13.0,0,344,2,1,0,0.0,12,39
344,36.0,2,13.0,0,345,2,1,0,0.0,12,20
345,24.0,2,13.0,0,346,2,0,0,1.0,9,24
346,40.0,2,13.0,0,347,2,0,0,1.0,9,20
347,29.84259578544061,2,16.1,0,348,3,0,1,1.0,13,37
348,3.0,2,15.9,1,349,3,1,1,1.0,8,31
349,42.0,2,8.6625,0,350,3,1,0,0.0,12,13
350,23.0,2,9.225,0,351,3,1,0,0.0,12,19
351,29.84259578544061,2,35.0,0,352,1,1,0,0.0,12,35
352,15.0,0,7.2292,1,353,3,1,1,0.0,12,15
353,25.0,2,17.8,0,354,3,1,1,0.0,12,22
354,29.84259578544061,0,7.225,0,355,3,1,0,0.0,12,14
355,28.0,2,9.5,0,356,3,1,0,0.0,12,24
356,22.0,2,55.0,1,357,1,0,0,1.0,9,22
357,38.0,2,13.0,0,358,2,0,0,0.0,9,20
358,29.84259578544061,1,7.8792,0,359,3,0,0,1.0,9,15
359,29.84259578544061,1,7.8792,0,360,3,0,0,1.0,9,28
360,40.0,2,27.9,4,361,3,1,1,0.0,12,15
361,29.0,0,27.7208,0,362,2,1,1,0.0,12,22
362,45.0,0,14.4542,1,363,3,0,0,0.0,13,27
363,35.0,2,7.05,0,364,3,1,0,0.0,12,12
364,29.84259578544061,1,15.5,0,365,3,1,1,0.0,12,16
365,30.0,2,7.25,0,366,3,1,0,0.0,12,27
366,60.0,0,75.25,0,367,1,0,1,1.0,13,44
367,29.84259578544061,0,7.2292,0,368,3,0,0,1.0,13,26
368,29.84259578544061,1,7.75,0,369,3,0,0,1.0,9,14
369,24.0,0,69.3,0,370,1,0,0,1.0,11,25
370,25.0,0,55.4417,0,371,1,1,1,1.0,12,24
371,18.0,2,6.4958,0,372,3,1,1,0.0,12,22
372,19.0,2,8.05,0,373,3,1,0,0.0,12,23
373,22.0,0,135.6333,0,374,1,1,0,0.0,12,16
374,3.0,2,21.075,1,375,3,0,3,0.0,9,21
375,29.84259578544061,0,82.1708,0,376,1,0,1,1.0,13,33
376,22.0,2,7.25,0,377,3,0,0,1.0,9,26
377,27.0,0,211.5,2,378,1,1,0,0.0,12,22
378,20.0,0,4.0125,0,379,3,1,0,0.0,12,16
379,19.0,2,7.775,0,380,3,1,0,0.0,12,24
380,42.0,0,227.525,0,381,1,0,0,1.0,9,16
381,1.0,0,15.7417,2,382,3,0,0,1.0,9,22
382,32.0,2,7.925,0,383,3,1,0,0.0,12,15
383,35.0,2,52.0,0,384,1,0,1,1.0,13,47
384,29.84259578544061,2,7.8958,0,385,3,1,0,0.0,12,19
385,18.0,2,73.5,0,386,2,1,0,0.0,12,22
386,1.0,2,46.9,2,387,3,1,5,0.0,8,24
387,36.0,2,13.0,0,388,2,0,0,1.0,9,11
388,29.84259578544061,1,7.7292,0,389,3,1,0,0.0,12,17
389,17.0,0,12.0,0,390,2,0,0,1.0,9,16
390,36.0,2,120.0,2,391,1,1,1,1.0,12,23
391,21.0,2,7.7958,0,392,3,1,0,1.0,12,19
392,28.0,2,7.925,0,393,3,1,2,0.0,12,25
393,23.0,0,113.275,0,394,1,0,1,1.0,9,17
394,24.0,2,16.7,2,395,3,0,0,1.0,13,47
395,22.0,2,7.7958,0,396,3,1,0,0.0,12,16
396,31.0,2,7.8542,0,397,3,0,0,0.0,9,14
397,46.0,2,26.0,0,398,2,1,0,0.0,12,20
398,23.0,2,10.5,0,399,2,1,0,0.0,4,13
399,28.0,2,12.65,0,400,2,0,0,1.0,13,28
400,39.0,2,7.925,0,401,3,1,0,1.0,12,15
401,26.0,2,8.05,0,402,3,1,0,0.0,12,12
402,21.0,2,9.825,0,403,3,0,1,0.0,9,19
403,28.0,2,15.85,0,404,3,1,1,0.0,12,27
404,20.0,2,8.6625,0,405,3,0,0,0.0,9,18
405,34.0,2,21.0,0,406,2,1,1,0.0,12,15
406,51.0,2,7.75,0,407,3,1,0,0.0,12,29
407,3.0,2,18.75,1,408,2,1,1,1.0,8,23
408,21.0,2,7.775,0,409,3,1,0,0.0,12,30
409,29.84259578544061,2,25.4667,1,410,3,0,3,0.0,9,13
410,29.84259578544061,2,7.8958,0,411,3,1,0,0.0,12,15
411,29.84259578544061,1,6.8583,0,412,3,1,0,0.0,12,12
412,33.0,1,90.0,0,413,1,0,1,1.0,9,17
413,29.84259578544061,2,0.0,0,414,2,1,0,0.0,12,27
414,44.0,2,7.925,0,415,3,1,0,1.0,12,22
415,29.84259578544061,2,8.05,0,416,3,0,0,0.0,13,35
416,34.0,2,32.5,1,417,2,0,1,1.0,13,43
417,18.0,2,13.0,2,418,2,0,0,1.0,9,24
418,30.0,2,13.0,0,419,2,1,0,0.0,12,23
419,10.0,2,24.15,2,420,3,0,0,0.0,9,20
420,29.84259578544061,0,7.8958,0,421,3,1,0,0.0,12,19
421,21.0,1,7.7333,0,422,3,1,0,0.0,12,16
422,29.0,2,7.875,0,423,3,1,0,0.0,12,15
423,28.0,2,14.4,1,424,3,0,1,0.0,13,50
424,18.0,2,20.2125,1,425,3,1,1,0.0,12,24
425,29.84259578544061,2,7.25,0,426,3,1,0,0.0,12,19
426,28.0,2,26.0,0,427,2,0,1,1.0,13,39
427,19.0,2,26.0,0,428,2,0,0,1.0,9,62
428,29.84259578544061,1,7.75,0,429,3,1,0,0.0,12,13
429,32.0,2,8.05,0,430,3,1,0,1.0,12,31
430,28.0,2,26.55,0,431,1,1,0,1.0,12,38
431,29.84259578544061,2,16.1,0,432,3,0,1,1.0,13,45
432,42.0,2,26.0,0,433,2,0,1,1.0,13,47
433,17.0,2,7.125,0,434,3,1,0,0.0,12,23
434,50.0,2,55.9,0,435,1,1,1,0.0,12,22
435,14.0,2,120.0,2,436,1,0,1,1.0,9,20
436,21.0,2,34.375,2,437,3,0,2,0.0,9,31
437,24.0,2,18.75,3,438,2,0,2,1.0,13,33
438,64.0,2,263.0,4,439,1,1,1,0.0,12,14
439,31.0,2,10.5,0,440,2,1,0,0.0,12,35
440,45.0,2,26.25,1,441,2,0,1,1.0,13,39
441,20.0,2,9.5,0,442,3,1,0,0.0,12,12
442,25.0,2,7.775,0,443,3,1,1,0.0,12,22
443,28.0,2,13.0,0,444,2,0,0,1.0,14,22
444,29.84259578544061,2,8.1125,0,445,3,1,0,1.0,12,30
445,4.0,2,81.8583,2,446,1,1,0,1.0,8,18
446,13.0,2,19.5,1,447,2,0,0,1.0,9,28
447,34.0,2,26.55,0,448,1,1,0,1.0,12,24
448,5.0,0,19.2583,1,449,3,0,2,1.0,9,25
449,52.0,2,30.5,0,450,1,1,0,1.0,7,24
450,36.0,2,27.75,2,451,2,1,1,0.0,12,18
451,29.84259578544061,2,19.9667,0,452,3,1,1,0.0,12,28
452,30.0,0,27.75,0,453,1,1,0,0.0,12,28
453,49.0,0,89.1042,0,454,1,1,1,1.0,12,21
454,29.84259578544061,2,8.05,0,455,3,1,0,0.0,12,16
455,29.0,0,7.8958,0,456,3,1,0,1.0,12,15
456,65.0,2,26.55,0,457,1,1,0,0.0,12,22
457,29.84259578544061,2,51.8625,0,458,1,0,1,1.0,13,29
458,50.0,2,10.5,0,459,2,0,0,1.0,9,14
459,29.84259578544061,1,7.75,0,460,3,1,0,0.0,12,18
460,48.0,2,26.55,0,461,1,1,0,1.0,12,16
461,34.0,2,8.05,0,462,3,1,0,0.0,12,16
462,47.0,2,38.5,0,463,1,1,0,0.0,12,14
463,48.0,2,13.0,0,464,2,1,0,0.0,12,25
464,29.84259578544061,2,8.05,0,465,3,1,0,0.0,12,15
465,38.0,2,7.05,0,466,3,1,0,0.0,12,28
466,29.84259578544061,2,0.0,0,467,2,1,0,0.0,12,18
467,56.0,2,26.55,0,468,1,1,0,0.0,12,23
468,29.84259578544061,1,7.725,0,469,3,1,0,0.0,12,15
469,0.75,0,19.2583,1,470,3,0,2,1.0,9,24
470,29.84259578544061,2,7.25,0,471,3,1,0,0.0,12,14
471,38.0,2,8.6625,0,472,3,1,0,0.0,12,12
472,33.0,2,27.75,2,473,2,0,1,1.0,13,35
473,23.0,0,13.7917,0,474,2,0,0,1.0,13,40
474,22.0,2,9.8375,0,475,3,0,0,0.0,9,22
475,29.84259578544061,2,52.0,0,476,1,1,0,0.0,12,24
476,34.0,2,21.0,0,477,2,1,1,0.0,12,20
477,29.0,2,7.0458,0,478,3,1,1,0.0,12,22
478,22.0,2,7.5208,0,479,3,1,0,0.0,12,22
479,2.0,2,12.2875,1,480,3,0,0,1.0,9,19
480,9.0,2,46.9,2,481,3,1,5,0.0,8,23
481,29.84259578544061,2,0.0,0,482,2,1,0,0.0,12,29
482,50.0,2,8.05,0,483,3,1,0,0.0,12,21
483,63.0,2,9.5875,0,484,3,0,0,1.0,13,18
484,25.0,0,91.0792,0,485,1,1,1,1.0,12,20
485,29.84259578544061,2,25.4667,1,486,3,0,3,0.0,9,17
486,35.0,2,90.0,0,487,1,0,1,1.0,13,43
487,58.0,0,29.7,0,488,1,1,0,0.0,12,20
488,30.0,2,8.05,0,489,3,1,0,0.0,12,26
489,9.0,2,15.9,1,490,3,1,1,1.0,8,30
490,29.84259578544061,2,19.9667,0,491,3,1,1,0.0,12,33
491,21.0,2,7.25,0,492,3,1,0,0.0,12,16
492,55.0,2,30.5,0,493,1,1,0,0.0,12,23
493,71.0,0,49.5042,0,494,1,1,0,0.0,12,20
494,21.0,2,8.05,0,495,3,1,0,0.0,12,23
495,29.84259578544061,0,14.4583,0,496,3,1,0,0.0,12,18
496,54.0,0,78.2667,0,497,1,0,1,1.0,9,25
497,29.84259578544061,2,15.1,0,498,3,1,0,0.0,12,28
498,25.0,2,151.55,2,499,1,0,1,0.0,13,43
499,24.0,2,7.7958,0,500,3,1,0,0.0,12,15
500,17.0,2,8.6625,0,501,3,1,0,0.0,12,13
501,21.0,1,7.75,0,502,3,0,0,0.0,9,14
502,29.84259578544061,1,7.6292,0,503,3,0,0,0.0,9,25
503,37.0,2,9.5875,0,504,3,0,0,0.0,9,25
504,16.0,2,86.5,0,505,1,0,0,1.0,9,16
505,18.0,0,108.9,0,506,1,1,1,0.0,12,39
506,33.0,2,26.0,2,507,2,0,0,1.0,13,41
507,29.84259578544061,2,26.55,0,508,1,1,0,1.0,12,42
508,28.0,2,22.525,0,509,3,1,0,0.0,12,21
509,26.0,2,56.4958,0,510,3,1,0,1.0,12,11
510,29.0,1,7.75,0,511,3,1,0,1.0,12,21
511,29.84259578544061,2,8.05,0,512,3,1,0,0.0,12,14
512,36.0,2,26.2875,0,513,1,1,0,1.0,12,22
513,54.0,0,59.4,0,514,1,0,1,1.0,13,42
514,24.0,2,7.4958,0,515,3,1,0,0.0,12,14
515,47.0,2,34.0208,0,516,1,1,0,0.0,12,25
516,34.0,2,10.5,0,517,2,0,0,1.0,13,24
517,29.84259578544061,1,24.15,0,518,3,1,0,0.0,12,14
518,36.0,2,26.0,0,519,2,0,1,1.0,13,48
519,32.0,2,7.8958,0,520,3,1,0,0.0,12,16
520,30.0,2,93.5,0,521,1,0,0,1.0,9,16
521,22.0,2,7.8958,0,522,3,1,0,0.0,12,12
522,29.84259578544061,0,7.225,0,523,3,1,0,0.0,12,15
523,44.0,0,57.9792,1,524,1,0,0,1.0,13,43
524,29.84259578544061,0,7.2292,0,525,3,1,0,0.0,12,14
525,40.5,1,7.75,0,526,3,1,0,0.0,12,15
526,50.0,2,10.5,0,527,2,0,0,1.0,9,15
527,29.84259578544061,2,221.7792,0,528,1,1,0,0.0,12,15
528,39.0,2,7.925,0,529,3,1,0,0.0,12,22
529,23.0,2,11.5,1,530,2,1,2,0.0,12,24
530,2.0,2,26.0,1,531,2,0,1,1.0,9,19
531,29.84259578544061,0,7.2292,0,532,3,1,0,0.0,12,14
532,17.0,0,7.2292,1,533,3,1,1,0.0,12,17
533,29.84259578544061,0,22.3583,2,534,3,0,0,1.0,13,34
534,30.0,2,8.6625,0,535,3,0,0,0.0,9,14
535,7.0,2,26.25,2,536,2,0,0,1.0,9,17
536,45.0,2,26.55,0,537,1,1,0,0.0,7,27
537,30.0,0,106.425,0,538,1,0,0,1.0,9,14
538,29.84259578544061,2,14.5,0,539,3,1,0,0.0,12,21
539,22.0,0,49.5,2,540,1,0,0,1.0,9,29
540,36.0,2,71.0,2,541,1,0,0,1.0,9,18
541,9.0,2,31.275,2,542,3,0,4,0.0,9,31
542,11.0,2,31.275,2,543,3,0,4,0.0,9,28
543,32.0,2,26.0,0,544,2,1,1,1.0,12,14
544,50.0,0,106.425,0,545,1,1,1,0.0,12,23
545,64.0,2,26.0,0,546,1,1,0,0.0,12,25
546,19.0,2,26.0,0,547,2,0,1,1.0,13,29
547,29.84259578544061,0,13.8625,0,548,2,1,0,1.0,12,23
548,33.0,2,20.525,1,549,3,1,1,0.0,12,22
549,8.0,2,36.75,1,550,2,1,1,1.0,8,23
550,17.0,0,110.8833,2,551,1,1,0,1.0,12,24
551,27.0,2,26.0,0,552,2,1,0,0.0,12,24
552,29.84259578544061,1,7.8292,0,553,3,1,0,0.0,12,17
553,22.0,0,7.225,0,554,3,1,0,1.0,12,30
554,22.0,2,7.775,0,555,3,0,0,1.0,9,13
555,62.0,2,26.55,0,556,1,1,0,0.0,12,15
556,48.0,0,39.6,0,557,1,0,1,1.0,6,60
557,29.84259578544061,0,227.525,0,558,1,1,0,0.0,12,16
558,39.0,2,79.65,1,559,1,0,1,1.0,13,34
559,36.0,2,17.4,0,560,3,0,1,1.0,13,40
560,29.84259578544061,1,7.75,0,561,3,1,0,0.0,12,21
561,40.0,2,7.8958,0,562,3,1,0,0.0,12,14
562,28.0,2,13.5,0,563,2,1,0,0.0,12,23
563,29.84259578544061,2,8.05,0,564,3,1,0,0.0,12,14
564,29.84259578544061,2,8.05,0,565,3,0,0,0.0,9,25
565,24.0,2,24.15,0,566,3,1,2,0.0,12,17
566,19.0,2,7.8958,0,567,3,1,0,0.0,12,17
567,29.0,2,21.075,4,568,3,0,0,0.0,13,39
568,29.84259578544061,0,7.2292,0,569,3,1,0,0.0,12,16
569,32.0,2,7.8542,0,570,3,1,0,1.0,12,14
570,62.0,2,10.5,0,571,2,1,0,1.0,12,15
571,53.0,2,51.4792,0,572,1,0,2,1.0,13,41
572,36.0,2,26.3875,0,573,1,1,0,1.0,12,29
573,29.84259578544061,1,7.75,0,574,3,0,0,1.0,9,12
574,16.0,2,8.05,0,575,3,1,0,0.0,12,25
575,19.0,2,14.5,0,576,3,1,0,0.0,12,17
576,34.0,2,13.0,0,577,2,0,0,1.0,9,15
577,39.0,2,55.9,0,578,1,0,1,1.0,13,37
578,29.84259578544061,0,14.4583,0,579,3,0,1,0.0,13,28
579,32.0,2,7.925,0,580,3,1,0,1.0,12,16
580,25.0,2,30.0,1,581,2,0,1,1.0,9,22
581,39.0,0,110.8833,1,582,1,0,1,1.0,13,48
582,54.0,2,26.0,0,583,2,1,0,0.0,12,23
583,36.0,0,40.125,0,584,1,1,0,0.0,12,16
584,29.84259578544061,0,8.7125,0,585,3,1,0,0.0,12,16
585,18.0,2,79.65,2,586,1,0,0,1.0,9,14
586,47.0,2,15.0,0,587,2,1,0,0.0,12,20
587,60.0,0,79.2,1,588,1,1,1,1.0,12,29
588,22.0,2,8.05,0,589,3,1,0,0.0,12,18
589,29.84259578544061,2,8.05,0,590,3,1,0,0.0,12,16
590,35.0,2,7.125,0,591,3,1,0,0.0,12,17
591,52.0,0,78.2667,0,592,1,0,1,1.0,13,43
592,47.0,2,7.25,0,593,3,1,0,0.0,12,23
593,29.84259578544061,1,7.75,2,594,3,0,0,0.0,9,13
594,37.0,2,26.0,0,595,2,1,1,0.0,12,20
595,36.0,2,24.15,1,596,3,1,1,0.0,12,24
596,29.84259578544061,2,33.0,0,597,2,0,0,1.0,9,21
597,49.0,2,0.0,0,598,3,1,0,0.0,12,16
598,29.84259578544061,0,7.225,0,599,3,1,0,0.0,12,14
599,49.0,0,56.9292,0,600,1,1,1,1.0,16,40
600,24.0,2,27.0,1,601,2,0,2,1.0,13,47
601,29.84259578544061,2,7.8958,0,602,3,1,0,0.0,12,17
602,29.84259578544061,2,42.4,0,603,1,1,0,0.0,12,22
603,44.0,2,8.05,0,604,3,1,0,0.0,12,22
604,35.0,0,26.55,0,605,1,1,0,1.0,12,28
605,36.0,2,15.55,0,606,3,1,1,0.0,12,26
606,30.0,2,7.8958,0,607,3,1,0,0.0,12,14
607,27.0,2,30.5,0,608,1,1,0,1.0,12,24
608,22.0,0,41.5792,2,609,2,0,1,1.0,13,49
609,40.0,2,153.4625,0,610,1,0,0,1.0,9,20
610,39.0,2,31.275,5,611,3,0,1,0.0,13,53
611,29.84259578544061,2,7.05,0,612,3,1,0,0.0,12,18
612,29.84259578544061,1,15.5,0,613,3,0,1,1.0,9,22
613,29.84259578544061,1,7.75,0,614,3,1,0,0.0,12,13
614,35.0,2,8.05,0,615,3,1,0,0.0,12,28
615,24.0,2,65.0,2,616,2,0,1,1.0,9,14
616,34.0,2,14.4,1,617,3,1,1,0.0,12,22
617,26.0,2,16.1,0,618,3,0,1,0.0,13,43
618,4.0,2,39.0,1,619,2,0,2,1.0,9,22
619,26.0,2,10.5,0,620,2,1,0,0.0,12,16
620,27.0,0,14.4542,0,621,3,1,1,0.0,12,16
621,42.0,2,52.5542,0,622,1,1,1,1.0,12,25
622,20.0,0,15.7417,1,623,3,1,1,1.0,12,13
623,21.0,2,7.8542,0,624,3,1,0,0.0,12,24
624,21.0,2,16.1,0,625,3,1,0,0.0,12,24
625,61.0,2,32.3208,0,626,1,1,0,0.0,12,18
626,57.0,1,12.35,0,627,2,1,0,0.0,15,26
627,21.0,2,77.9583,0,628,1,0,0,1.0,9,24
628,26.0,2,7.8958,0,629,3,1,0,0.0,12,22
629,29.84259578544061,1,7.7333,0,630,3,1,0,0.0,12,21
630,80.0,2,30.0,0,631,1,1,0,1.0,12,33
631,51.0,2,7.0542,0,632,3,1,0,0.0,12,24
632,32.0,0,30.5,0,633,1,1,0,1.0,4,22
633,29.84259578544061,2,0.0,0,634,1,1,0,0.0,12,26
634,9.0,2,27.9,2,635,3,0,3,0.0,9,13
635,28.0,2,13.0,0,636,2,0,0,1.0,9,12
636,32.0,2,7.925,0,637,3,1,0,0.0,12,23
637,31.0,2,26.25,1,638,2,1,1,0.0,12,16
638,41.0,2,39.6875,5,639,3,0,0,0.0,13,34
639,29.84259578544061,2,16.1,0,640,3,1,1,0.0,12,23
640,20.0,2,7.8542,0,641,3,1,0,0.0,12,19
641,24.0,0,69.3,0,642,1,0,0,1.0,10,15
642,2.0,2,27.9,2,643,3,0,3,0.0,9,24
643,29.84259578544061,2,56.4958,0,644,3,1,0,1.0,12,12
644,0.75,0,19.2583,1,645,3,0,2,1.0,9,17
645,48.0,0,76.7292,0,646,1,1,1,1.0,12,22
646,19.0,2,7.8958,0,647,3,1,0,0.0,12,14
647,56.0,0,35.5,0,648,1,1,0,1.0,1,31
648,29.84259578544061,2,7.55,0,649,3,1,0,0.0,12,15
649,23.0,2,7.55,0,650,3,0,0,1.0,9,26
650,29.84259578544061,2,7.8958,0,651,3,1,0,0.0,12,14
651,18.0,2,23.0,1,652,2,0,0,1.0,9,14
652,21.0,2,8.4333,0,653,3,1,0,0.0,12,27
653,29.84259578544061,1,7.8292,0,654,3,0,0,1.0,9,24
654,18.0,1,6.75,0,655,3,0,0,0.0,9,23
655,24.0,2,73.5,0,656,2,1,2,0.0,12,22
656,29.84259578544061,2,7.8958,0,657,3,1,0,0.0,12,18
657,32.0,1,15.5,1,658,3,0,1,0.0,13,25
658,23.0,2,13.0,0,659,2,1,0,0.0,12,25
659,58.0,0,113.275,2,660,1,1,0,0.0,12,23
660,50.0,2,133.65,0,661,1,1,2,1.0,4,26
661,40.0,0,7.225,0,662,3,1,0,0.0,12,14
662,47.0,2,25.5875,0,663,1,1,0,0.0,12,23
663,36.0,2,7.4958,0,664,3,1,0,0.0,12,13
664,20.0,2,7.925,0,665,3,1,1,1.0,12,24
665,32.0,2,73.5,0,666,2,1,2,0.0,12,15
666,25.0,2,13.0,0,667,2,1,0,0.0,12,24
667,29.84259578544061,2,7.775,0,668,3,1,0,0.0,12,23
668,43.0,2,8.05,0,669,3,1,0,0.0,12,12
669,29.84259578544061,2,52.0,0,670,1,0,1,1.0,13,45
670,40.0,2,39.0,1,671,2,0,1,1.0,13,57
671,31.0,2,52.0,0,672,1,1,1,0.0,12,19
672,70.0,2,10.5,0,673,2,1,0,0.0,12,24
673,31.0,2,13.0,0,674,2,1,0,1.0,12,18
674,29.84259578544061,2,0.0,0,675,2,1,0,0.0,12,23
675,18.0,2,7.775,0,676,3,1,0,0.0,12,27
676,24.5,2,8.05,0,677,3,1,0,0.0,12,26
677,18.0,2,9.8417,0,678,3,0,0,1.0,9,18
678,43.0,2,46.9,6,679,3,0,1,0.0,13,35
679,36.0,0,512.3292,1,680,1,1,0,1.0,12,31
680,29.84259578544061,1,8.1375,0,681,3,0,0,0.0,9,14
681,27.0,0,76.7292,0,682,1,1,0,1.0,12,15
682,20.0,2,9.225,0,683,3,1,0,0.0,12,24
683,14.0,2,46.9,2,684,3,1,5,0.0,12,24
684,60.0,2,39.0,1,685,2,1,1,0.0,12,30
685,25.0,0,41.5792,2,686,2,1,1,0.0,12,35
686,14.0,2,39.6875,1,687,3,1,4,0.0,12,21
687,19.0,2,10.1708,0,688,3,1,0,0.0,12,14
688,18.0,2,7.7958,0,689,3,1,0,0.0,12,28
689,15.0,2,211.3375,1,690,1,0,0,1.0,9,28
690,31.0,2,57.0,0,691,1,1,1,1.0,12,20
691,4.0,0,13.4167,1,692,3,0,0,1.0,9,13
692,29.84259578544061,2,56.4958,0,693,3,1,0,1.0,12,9
693,25.0,0,7.225,0,694,3,1,0,0.0,12,13
694,60.0,2,26.55,0,695,1,1,0,0.0,1,11
695,52.0,2,13.5,0,696,2,1,0,0.0,12,23
696,44.0,2,8.05,0,697,3,1,0,0.0,12,13
697,29.84259578544061,1,7.7333,0,698,3,0,0,1.0,9,27
698,49.0,0,110.8833,1,699,1,1,1,0.0,12,21
699,42.0,2,7.65,0,700,3,1,0,0.0,12,37
700,18.0,0,227.525,0,701,1,0,1,1.0,13,45
701,35.0,2,26.2875,0,702,1,1,0,1.0,12,29
702,18.0,0,14.4542,1,703,3,0,0,0.0,9,16
703,25.0,1,7.7417,0,704,3,1,0,0.0,12,18
704,26.0,2,7.8542,0,705,3,1,1,0.0,12,20
705,39.0,2,26.0,0,706,2,1,0,0.0,12,43
706,45.0,2,13.5,0,707,2,0,0,1.0,13,25
707,42.0,2,26.2875,0,708,1,1,0,1.0,12,30
708,22.0,2,151.55,0,709,1,0,0,1.0,9,15
709,29.84259578544061,0,15.2458,1,710,3,1,1,1.0,8,42
710,24.0,0,49.5042,0,711,1,0,0,1.0,10,43
711,29.84259578544061,2,26.55,0,712,1,1,0,0.0,12,15
712,48.0,2,52.0,0,713,1,1,1,1.0,12,21
713,29.0,2,9.4833,0,714,3,1,0,0.0,12,23
714,52.0,2,13.0,0,715,2,1,0,0.0,12,18
715,19.0,2,7.65,0,716,3,1,0,0.0,12,39
716,38.0,0,227.525,0,717,1,0,0,1.0,9,24
717,27.0,2,10.5,0,718,2,0,0,1.0,9,30
718,29.84259578544061,1,15.5,0,719,3,1,0,0.0,12,16
719,33.0,2,7.775,0,720,3,1,0,0.0,12,25
720,6.0,2,33.0,1,721,2,0,0,1.0,9,28
721,17.0,2,7.0542,0,722,3,1,1,0.0,12,22
722,34.0,2,13.0,0,723,2,1,0,0.0,12,25
723,50.0,2,13.0,0,724,2,1,0,0.0,12,20
724,27.0,2,53.1,0,725,1,1,1,1.0,12,26
725,20.0,2,8.6625,0,726,3,1,0,0.0,12,16
726,30.0,2,21.0,0,727,2,0,3,1.0,13,39
727,29.84259578544061,1,7.7375,0,728,3,0,0,1.0,9,19
728,25.0,2,26.0,0,729,2,1,1,0.0,12,28
729,25.0,2,7.925,0,730,3,0,1,0.0,9,24
730,29.0,2,211.3375,0,731,1,0,0,1.0,9,24
731,11.0,0,18.7875,0,732,3,1,0,0.0,12,21
732,29.84259578544061,2,0.0,0,733,2,1,0,0.0,12,17
733,23.0,2,13.0,0,734,2,1,0,0.0,12,23
734,23.0,2,13.0,0,735,2,1,0,0.0,12,25
735,28.5,2,16.1,0,736,3,1,0,0.0,12,17
736,48.0,2,34.375,3,737,3,0,1,0.0,13,35
737,35.0,0,512.3292,0,738,1,1,0,1.0,12,19
738,29.84259578544061,2,7.8958,0,739,3,1,0,0.0,12,15
739,29.84259578544061,2,7.8958,0,740,3,1,0,0.0,12,15
740,29.84259578544061,2,30.0,0,741,1,1,0,1.0,12,24
741,36.0,2,78.85,0,742,1,1,1,0.0,12,26
742,21.0,0,262.375,2,743,1,0,2,1.0,9,32
743,24.0,2,16.1,0,744,3,1,1,0.0,12,14
744,31.0,2,7.925,0,745,3,1,0,1.0,12,15
745,70.0,2,71.0,1,746,1,1,1,0.0,0,23
746,16.0,2,20.25,1,747,3,1,1,0.0,12,24
747,30.0,2,13.0,0,748,2,0,0,1.0,9,16
748,19.0,2,53.1,0,749,1,1,1,0.0,12,22
749,31.0,1,7.75,0,750,3,1,0,0.0,12,20
750,4.0,2,23.0,1,751,2,0,1,1.0,9,12
751,6.0,2,12.475,1,752,3,1,0,1.0,8,12
752,33.0,2,9.5,0,753,3,1,0,0.0,12,29
753,23.0,2,7.8958,0,754,3,1,0,0.0,12,15
754,48.0,2,65.0,2,755,2,0,1,1.0,13,28
755,0.67,2,14.5,1,756,2,1,1,1.0,8,18
756,28.0,2,7.7958,0,757,3,1,0,0.0,12,25
757,18.0,2,11.5,0,758,2,1,0,0.0,12,21
758,34.0,2,8.05,0,759,3,1,0,0.0,12,25
759,33.0,2,86.5,0,760,1,0,0,1.0,17,50
760,29.84259578544061,2,14.5,0,761,3,1,0,0.0,12,15
761,41.0,2,7.125,0,762,3,1,0,0.0,12,27
762,20.0,0,7.2292,0,763,3,1,0,1.0,12,18
763,36.0,2,120.0,2,764,1,0,1,1.0,13,37
764,16.0,2,7.775,0,765,3,1,0,0.0,12,19
765,51.0,2,77.9583,0,766,1,0,1,1.0,13,32
766,29.84259578544061,0,39.6,0,767,1,1,0,0.0,4,22
767,30.5,1,7.75,0,768,3,0,0,0.0,9,13
768,29.84259578544061,1,24.15,0,769,3,1,1,0.0,12,16
769,32.0,2,8.3625,0,770,3,1,0,0.0,12,29
770,24.0,2,9.5,0,771,3,1,0,0.0,12,19
771,48.0,2,7.8542,0,772,3,1,0,0.0,12,20
772,57.0,2,10.5,0,773,2,0,0,0.0,13,13
773,29.84259578544061,0,7.225,0,774,3,1,0,0.0,12,12
774,54.0,2,23.0,3,775,2,0,1,1.0,13,33
775,18.0,2,7.75,0,776,3,1,0,0.0,12,36
776,29.84259578544061,1,7.75,0,777,3,1,0,0.0,12,13
777,5.0,2,12.475,0,778,3,0,0,1.0,9,24
778,29.84259578544061,1,7.7375,0,779,3,1,0,0.0,12,20
779,43.0,2,211.3375,1,780,1,0,0,1.0,13,49
780,13.0,0,7.2292,0,781,3,0,0,1.0,9,15
781,17.0,2,57.0,0,782,1,0,1,1.0,13,37
782,29.0,2,30.0,0,783,1,1,0,0.0,12,19
783,29.84259578544061,2,23.45,2,784,3,1,1,0.0,12,19
784,25.0,2,7.05,0,785,3,1,0,0.0,12,13
785,25.0,2,7.25,0,786,3,1,0,0.0,12,31
786,18.0,2,7.4958,0,787,3,0,0,1.0,9,20
787,8.0,1,29.125,1,788,3,1,4,0.0,8,18
788,1.0,2,20.575,2,789,3,1,1,1.0,8,19
789,46.0,0,79.2,0,790,1,1,0,0.0,12,21
790,29.84259578544061,1,7.75,0,791,3,1,0,0.0,12,21
791,16.0,2,26.0,0,792,2,1,0,0.0,12,16
792,29.84259578544061,2,69.55,2,793,3,0,8,0.0,9,18
793,29.84259578544061,0,30.6958,0,794,1,1,0,0.0,12,21
794,25.0,2,7.8958,0,795,3,1,0,0.0,12,18
795,39.0,2,13.0,0,796,2,1,0,0.0,12,15
796,49.0,2,25.9292,0,797,1,0,0,1.0,4,24
797,31.0,2,8.6833,0,798,3,0,0,1.0,13,12
798,30.0,0,7.2292,0,799,3,1,0,0.0,12,25
799,30.0,2,24.15,1,800,3,0,1,0.0,13,48
800,34.0,2,13.0,0,801,2,1,0,0.0,12,17
801,31.0,2,26.25,1,802,2,0,1,1.0,13,39
802,11.0,2,120.0,2,803,1,1,1,1.0,8,28
803,0.42,0,8.5167,1,804,3,1,0,1.0,8,24
804,27.0,2,6.975,0,805,3,1,0,1.0,12,20
805,31.0,2,7.775,0,806,3,1,0,0.0,12,22
806,39.0,2,0.0,0,807,1,1,0,0.0,12,19
807,18.0,2,7.775,0,808,3,0,0,0.0,9,26
808,39.0,2,13.0,0,809,2,1,0,0.0,12,14
809,33.0,2,53.1,0,810,1,0,1,1.0,13,42
810,26.0,2,7.8875,0,811,3,1,0,0.0,12,19
811,39.0,2,24.15,0,812,3,1,0,0.0,12,14
812,35.0,2,10.5,0,813,2,1,0,0.0,12,22
813,6.0,2,31.275,2,814,3,0,4,0.0,9,29
814,30.5,2,8.05,0,815,3,1,0,0.0,12,23
815,29.84259578544061,2,0.0,0,816,1,1,0,0.0,12,13
816,23.0,2,7.925,0,817,3,0,0,0.0,9,23
817,31.0,0,37.0042,1,818,2,1,1,0.0,12,15
818,43.0,2,6.45,0,819,3,1,0,0.0,12,29
819,10.0,2,27.9,2,820,3,1,3,0.0,8,21
820,52.0,2,93.5,1,821,1,0,1,1.0,13,46
821,27.0,2,8.6625,0,822,3,1,0,1.0,12,14
822,38.0,2,0.0,0,823,1,1,0,0.0,5,22
823,27.0,2,12.475,1,824,3,0,0,1.0,13,14
824,2.0,2,39.6875,1,825,3,1,4,0.0,8,21
825,29.84259578544061,1,6.95,0,826,3,1,0,0.0,12,12
826,29.84259578544061,2,56.4958,0,827,3,1,0,0.0,12,9
827,1.0,0,37.0042,2,828,2,1,0,1.0,8,14
828,29.84259578544061,1,7.75,0,829,3,1,0,1.0,12,25
830,15.0,0,14.4542,0,831,3,0,1,1.0,13,35
831,0.83,2,18.75,1,832,2,1,1,1.0,8,24
832,29.84259578544061,0,7.2292,0,833,3,1,0,0.0,12,11
833,23.0,2,7.8542,0,834,3,1,0,0.0,12,19
834,18.0,2,8.3,0,835,3,1,0,0.0,12,19
835,39.0,0,83.1583,1,836,1,0,1,1.0,9,22
836,21.0,2,8.6625,0,837,3,1,0,0.0,12,13
837,29.84259578544061,2,8.05,0,838,3,1,0,0.0,12,16
838,32.0,2,56.4958,0,839,3,1,0,1.0,12,12
839,29.84259578544061,0,29.7,0,840,1,1,0,1.0,12,17
840,20.0,2,7.925,0,841,3,1,0,0.0,12,24
841,16.0,2,10.5,0,842,2,1,0,0.0,12,21
842,30.0,0,31.0,0,843,1,0,0,1.0,9,18
843,34.5,0,6.4375,0,844,3,1,0,0.0,12,23
844,17.0,2,8.6625,0,845,3,1,0,0.0,12,16
845,42.0,2,7.55,0,846,3,1,0,0.0,12,16
846,29.84259578544061,2,69.55,2,847,3,1,8,0.0,12,21
847,35.0,0,7.8958,0,848,3,1,0,0.0,12,15
848,28.0,2,33.0,1,849,2,1,0,0.0,15,13
849,29.84259578544061,0,89.1042,0,850,1,0,1,1.0,13,40
850,4.0,2,31.275,2,851,3,1,4,0.0,8,32
851,74.0,2,7.775,0,852,3,1,0,0.0,12,16
852,9.0,0,15.2458,1,853,3,0,1,0.0,9,18
853,16.0,2,39.4,1,854,1,0,0,1.0,9,20
854,44.0,2,26.0,0,855,2,0,1,0.0,13,41
855,18.0,2,9.35,1,856,3,0,0,1.0,13,22
856,45.0,2,164.8667,1,857,1,0,1,1.0,13,38
857,51.0,2,26.55,0,858,1,1,0,1.0,12,19
858,24.0,0,19.2583,3,859,3,0,0,1.0,13,33
859,29.84259578544061,0,7.2292,0,860,3,1,0,0.0,12,13
860,41.0,2,14.1083,0,861,3,1,2,0.0,12,20
861,21.0,2,11.5,0,862,2,1,1,0.0,12,24
862,48.0,2,25.9292,0,863,1,0,0,1.0,13,47
863,29.84259578544061,2,69.55,2,864,3,0,8,0.0,9,28
864,24.0,2,13.0,0,865,2,1,0,0.0,12,19
865,42.0,2,13.0,0,866,2,0,0,1.0,13,20
866,27.0,0,13.8583,0,867,2,0,1,1.0,9,23
867,31.0,2,50.4958,0,868,1,1,0,0.0,12,33
868,29.84259578544061,2,9.5,0,869,3,1,0,0.0,12,24
869,4.0,2,11.1333,1,870,3,1,1,1.0,8,24
870,26.0,2,7.8958,0,871,3,1,0,0.0,12,14
871,47.0,2,52.5542,1,872,1,0,1,1.0,13,44
872,33.0,2,5.0,0,873,1,1,0,0.0,12,21
873,47.0,2,9.0,0,874,3,1,0,0.0,12,24
874,28.0,0,24.0,0,875,2,0,1,1.0,13,33
875,15.0,0,7.225,0,876,3,0,0,1.0,9,27
876,20.0,2,9.8458,0,877,3,1,0,0.0,12,26
877,19.0,2,7.8958,0,878,3,1,0,0.0,12,17
878,29.84259578544061,2,7.8958,0,879,3,1,0,0.0,12,15
879,56.0,0,83.1583,1,880,1,0,0,1.0,13,41
880,25.0,2,26.0,1,881,2,0,0,1.0,13,40
881,33.0,2,7.8958,0,882,3,1,0,0.0,12,15
882,22.0,2,10.5167,0,883,3,0,0,0.0,9,23
883,28.0,2,10.5,0,884,2,1,0,0.0,12,26
884,25.0,2,7.05,0,885,3,1,0,0.0,12,19
885,39.0,1,29.125,5,886,3,0,0,0.0,13,32
886,27.0,2,13.0,0,887,2,1,0,0.0,15,17
887,19.0,2,30.0,0,888,1,0,0,1.0,9,23
888,29.84259578544061,2,23.45,2,889,3,0,1,0.0,9,35
889,26.0,0,30.0,0,890,1,1,0,1.0,12,18
890,32.0,1,7.75,0,891,3,1,0,0.0,12,16
